ID;TTW;FeedMode;T_SP;Total Rich;Total Lean;O2 rich;CO rich;CO2 rich;NO rich;NO2 rich;NH3 rich;N2O rich;H2 rich;SO2 rich;C2H4 rich;C3H6 rich;C3H8 rich;CH4 rich;H2O rich;O2 lean;CO lean;CO2 lean;NO lean;NO2 lean;NH3 lean;N2O lean;H2 lean;SO2 lean;C2H4 lean;C3H6 lean;C3H8 lean;CH4 lean;H2O lean
1;200;3;352.38;104.6586;0;0.947022093;0.596118309;16.28481605;0.260859092;0;0;0;0;0;0;0.107961409;0;0;14.31466;0;0;0;0;0;0;0;0;0;0;0;0;0;0
2;200;3;352.38;104.6586;0;0.947022093;0.596118309;16.28481605;0.260859092;0;0;0;0;0;0;0.107961409;0;0;14.31466;0;0;0;0;0;0;0;0;0;0;0;0;0;0
3;50000;3;352.07;102.3056;0;0.809180829;0.573748739;16.29964029;0.258862773;0;0;0;0;0;0;0.108620621;0;0;14.31406;0;0;0;0;0;0;0;0;0;0;0;0;0;0
